Target Function,Software,Config,Tag,Source File,Proof Relpath,Proof Found,Compile Succeeded,Links Target,Semantic Valid,Development Succeeds,Verification Completes,Verification Time,Verification Succeeds,Target Function Reachable Line Count,Target Function Covered Line Count,Target Function Line Coverage %,Program Reachable Line Count,Program Covered Line Count,Program Line Coverage %,Overall Reachable Line Count,Overall Covered Line Count,Overall Line Coverage %,Total Memory-Safety Properties,Total Memory-Safety Properties By Class,Verified Memory-Safety Properties,Verified Memory-Safety Properties By Class,Verified Memory-Safety Properties %,Total Memory-Safety Property Lines,Verified Memory-Safety Property Lines,Vulnerability Report Count,Violated Memory-Safety Property Lines,Reported Vulnerabilities,Property Violations,Precondition Violations,Generation Time,API Cost,Proof Size LOC,Proof File Size,Harness Size LOC,Source Files In Scope,Functions In Scope,Loop Unwindset Count,Loop Unwind Min,Loop Unwind Max,Model Used Variable Count,Assumption Variable Count,Harness Symbol Variable Count,Proof-Side Symbol Variable Count,Function Model Count,Function Model Avg LOC
dns_msg_parse_reply,RIOT,autoup-s1,exp-0414,sys/net/application_layer/dns/msg.c,msg/dns_msg_parse_reply,True,True,True,True,True,True,0.378626,False,26,26,100.000000,40,40,100.000000,68,64,94.117647,141,"{""assertion"": 2, ""overflow"": 4, ""pointer"": 6, ""pointer arithmetic"": 62, ""pointer dereference"": 48, ""pointer primitives"": 13, ""precondition_instance"": 6}",139,"{""assertion"": 2, ""overflow"": 4, ""pointer"": 6, ""pointer arithmetic"": 61, ""pointer dereference"": 48, ""pointer primitives"": 13, ""precondition_instance"": 5}",98.581560,17,15,2,2,4,2,2,8536.998221,3.1717,17,23,17,1,4,0,2,2,6,4,9,9,0,
_receive,RIOT,autoup-s1,exp-0414,sys/net/gnrc/transport_layer/tcp/gnrc_tcp_eventloop.c,gnrc_tcp_eventloop/_receive,True,True,True,True,True,True,0.390197,True,94,94,100.000000,108,108,100.000000,162,162,100.000000,216,"{""assertion"": 2, ""overflow"": 2, ""pointer dereference"": 210, ""precondition"": 2}",216,"{""assertion"": 2, ""overflow"": 2, ""pointer dereference"": 210, ""precondition"": 2}",100.000000,36,36,0,0,0,0,0,1590.752990,2.1288,54,69,5,1,7,0,2,2,0,0,21,21,4,12.250000
_on_regack,RIOT,autoup-s1,exp-0414,sys/net/application_layer/asymcute/asymcute.c,asymcute/_on_regack,True,True,True,True,True,True,1.437361,True,18,18,100.000000,65,65,100.000000,105,105,100.000000,210,"{""array bounds"": 1, ""assertion"": 2, ""pointer dereference"": 199, ""pointer primitives"": 8}",210,"{""array bounds"": 1, ""assertion"": 2, ""pointer dereference"": 199, ""pointer primitives"": 8}",100.000000,34,34,1,0,1,0,1,1745.291519,2.2623,40,46,37,1,8,0,2,2,9,8,15,15,1,3.000000
base64_encode_base,RIOT,autoup-s1,exp-0414,sys/base64/base64.c,base64/base64_encode_base,True,True,True,True,True,True,0.296034,True,34,34,100.000000,59,57,96.610169,74,72,97.297297,136,"{""assertion"": 2, ""overflow"": 5, ""pointer"": 1, ""pointer arithmetic"": 12, ""pointer dereference"": 114, ""undefined-shift"": 2}",136,"{""assertion"": 2, ""overflow"": 5, ""pointer"": 1, ""pointer arithmetic"": 12, ""pointer dereference"": 114, ""undefined-shift"": 2}",100.000000,21,21,2,0,2,0,2,916.011846,1.0548,15,21,15,1,4,0,2,2,5,2,9,9,0,
gnrc_rpl_recv_DAO,RIOT,autoup-s1,exp-0414,sys/net/gnrc/routing/rpl/gnrc_rpl_control_messages.c,gnrc_rpl_control_messages/gnrc_rpl_recv_DAO,True,True,True,True,True,True,11.387088,False,32,32,100.000000,294,290,98.639456,434,422,97.235023,869,"{""array bounds"": 1, ""assertion"": 2, ""overflow"": 5, ""pointer"": 14, ""pointer arithmetic"": 133, ""pointer dereference"": 690, ""pointer primitives"": 14, ""precondition_instance"": 6, ""undefined-shift"": 4}",859,"{""array bounds"": 1, ""assertion"": 2, ""overflow"": 4, ""pointer"": 14, ""pointer arithmetic"": 124, ""pointer dereference"": 690, ""pointer primitives"": 14, ""precondition_instance"": 6, ""undefined-shift"": 4}",98.849252,115,105,2,10,12,10,2,3881.171211,3.7474,129,165,20,1,21,1,2,4,2,2,64,64,12,9.083333
gnrc_rpl_validation_options,RIOT,autoup-s1,exp-0414,sys/net/gnrc/routing/rpl/gnrc_rpl_validation.c,gnrc_rpl_validation/gnrc_rpl_validation_options,True,True,True,True,True,True,0.041286,True,49,49,100.000000,49,49,100.000000,62,62,100.000000,71,"{""assertion"": 2, ""overflow"": 3, ""pointer dereference"": 66}",71,"{""assertion"": 2, ""overflow"": 3, ""pointer dereference"": 66}",100.000000,14,14,1,0,1,0,1,608.099809,0.8005,13,16,13,1,1,0,2,2,3,3,6,6,0,
_parse_options,RIOT,autoup-s1,exp-0414,sys/net/gnrc/routing/rpl/gnrc_rpl_control_messages.c,gnrc_rpl_control_messages/_parse_options,True,True,True,True,True,True,2.144983,True,116,116,100.000000,140,138,98.571429,196,186,94.897959,453,"{""assertion"": 2, ""overflow"": 5, ""pointer"": 2, ""pointer arithmetic"": 22, ""pointer dereference"": 408, ""pointer primitives"": 7, ""precondition_instance"": 3, ""undefined-shift"": 4}",453,"{""assertion"": 2, ""overflow"": 5, ""pointer"": 2, ""pointer arithmetic"": 22, ""pointer dereference"": 408, ""pointer primitives"": 7, ""precondition_instance"": 3, ""undefined-shift"": 4}",100.000000,60,60,2,0,2,0,2,2215.036427,2.5963,45,55,30,1,8,0,2,2,5,5,23,23,3,5.000000
clif_decode_link,RIOT,autoup-s1,exp-0414,sys/clif/clif.c,clif/clif_decode_link,True,True,True,True,True,True,31.711474,False,24,24,100.000000,92,90,97.826087,120,118,98.333333,422,"{""assertion"": 2, ""overflow"": 11, ""pointer"": 13, ""pointer arithmetic"": 144, ""pointer dereference"": 252}",416,"{""assertion"": 2, ""overflow"": 10, ""pointer"": 13, ""pointer arithmetic"": 140, ""pointer dereference"": 251}",98.578199,42,37,3,5,8,5,3,2078.558080,2.0915,28,40,19,1,3,0,2,2,5,5,13,13,1,9.000000
clif_get_attr,RIOT,autoup-s1,exp-0414,sys/clif/clif.c,clif/clif_get_attr,True,True,True,True,True,True,0.197627,True,54,52,96.296296,54,52,96.296296,65,63,96.923077,268,"{""assertion"": 2, ""overflow"": 6, ""pointer"": 8, ""pointer arithmetic"": 84, ""pointer dereference"": 168}",268,"{""assertion"": 2, ""overflow"": 6, ""pointer"": 8, ""pointer arithmetic"": 84, ""pointer dereference"": 168}",100.000000,25,25,0,0,0,0,0,637.693788,0.7355,11,14,11,1,1,0,2,2,3,3,5,5,0,
uri_parser_process,RIOT,autoup-s1,exp-0414,sys/uri_parser/uri_parser.c,uri_parser/uri_parser_process,True,True,True,True,True,True,6.487730,True,13,11,84.615385,138,132,95.652174,168,162,96.428571,659,"{""assertion"": 2, ""overflow"": 20, ""pointer"": 16, ""pointer arithmetic"": 192, ""pointer dereference"": 426, ""precondition_instance"": 3}",659,"{""assertion"": 2, ""overflow"": 20, ""pointer"": 16, ""pointer arithmetic"": 192, ""pointer dereference"": 426, ""precondition_instance"": 3}",100.000000,61,61,3,0,3,0,3,13828.414367,7.5238,30,33,30,1,10,1,2,5,6,3,12,12,0,
gnrc_rpl_srh_process,RIOT,autoup-s1,exp-0414,sys/net/gnrc/routing/rpl/srh/gnrc_rpl_srh.c,gnrc_rpl_srh/gnrc_rpl_srh_process,True,True,True,True,True,True,2.060547,True,38,38,100.000000,63,63,100.000000,107,99,92.523364,284,"{""array bounds"": 1, ""assertion"": 2, ""division-by-zero"": 2, ""overflow"": 11, ""pointer"": 12, ""pointer arithmetic"": 96, ""pointer dereference"": 108, ""pointer primitives"": 34, ""precondition_instance"": 18}",284,"{""array bounds"": 1, ""assertion"": 2, ""division-by-zero"": 2, ""overflow"": 11, ""pointer"": 12, ""pointer arithmetic"": 96, ""pointer dereference"": 108, ""pointer primitives"": 34, ""precondition_instance"": 18}",100.000000,32,32,1,0,1,0,1,765.689371,0.8134,33,40,24,1,3,1,2,4,7,7,16,16,2,4.500000
gnrc_sixlowpan_iphc_recv,RIOT,autoup-s1,exp-0414,sys/net/gnrc/network_layer/sixlowpan/iphc/gnrc_sixlowpan_iphc.c,gnrc_sixlowpan_iphc/gnrc_sixlowpan_iphc_recv,True,True,,,False,False,203.316350,False,,,,,,,,,,,,,,,,,,,,3086,,3870.452504,0.3343,,98,,,,0,2,2,1,0,,,,
_rbuf_add,RIOT,autoup-s1,exp-0414,sys/net/gnrc/network_layer/sixlowpan/frag/rb/gnrc_sixlowpan_frag_rb.c,gnrc_sixlowpan_frag_rb/_rbuf_add,True,True,True,True,True,True,53.650417,False,142,142,100.000000,437,430,98.398169,551,537,97.459165,1085,"{""array bounds"": 19, ""assertion"": 2, ""overflow"": 4, ""pointer"": 7, ""pointer arithmetic"": 68, ""pointer dereference"": 942, ""pointer primitives"": 30, ""precondition"": 2, ""precondition_instance"": 11}",1012,"{""array bounds"": 19, ""assertion"": 2, ""overflow"": 4, ""pointer"": 7, ""pointer arithmetic"": 68, ""pointer dereference"": 870, ""pointer primitives"": 30, ""precondition"": 2, ""precondition_instance"": 10}",93.271889,165,154,5,11,16,11,5,45956.098941,21.7446,103,125,56,1,48,4,3,9,13,13,47,47,10,4.700000
_iphc_encode,RIOT,autoup-s1,exp-0414,sys/net/gnrc/network_layer/sixlowpan/iphc/gnrc_sixlowpan_iphc.c,gnrc_sixlowpan_iphc/_iphc_encode,True,True,,,False,False,1.906349,,,,,,,,,,,,,,,,,,,,,,,7169.238533,17.1576,,97,,,,1,2,17,11,11,,,,
gnrc_sixlowpan_frag_sfr_send,RIOT,autoup-s1,exp-0414,sys/net/gnrc/network_layer/sixlowpan/frag/sfr/gnrc_sixlowpan_frag_sfr.c,gnrc_sixlowpan_frag_sfr/gnrc_sixlowpan_frag_sfr_send,True,True,True,True,True,True,0.036211,False,63,0,0.000000,516,13,2.519380,602,21,3.488372,1570,"{""array bounds"": 6, ""assertion"": 2, ""overflow"": 11, ""pointer"": 4, ""pointer arithmetic"": 48, ""pointer dereference"": 1476, ""pointer primitives"": 16, ""precondition_instance"": 6, ""undefined-shift"": 1}",1558,"{""array bounds"": 6, ""assertion"": 2, ""overflow"": 11, ""pointer"": 4, ""pointer arithmetic"": 48, ""pointer dereference"": 1464, ""pointer primitives"": 16, ""precondition_instance"": 6, ""undefined-shift"": 1}",99.235669,203,201,0,2,2,2,0,11713.813916,4.1932,75,89,55,1,72,1,2,43,4,2,24,24,4,5.000000
_iphc_ipv6_encode,RIOT,autoup-s1,exp-0414,sys/net/gnrc/network_layer/sixlowpan/iphc/gnrc_sixlowpan_iphc.c,gnrc_sixlowpan_iphc/_iphc_ipv6_encode,True,True,True,True,True,True,11.519034,True,182,182,100.000000,235,228,97.021277,279,268,96.057348,1009,"{""array bounds"": 37, ""assertion"": 2, ""overflow"": 18, ""pointer"": 18, ""pointer arithmetic"": 196, ""pointer dereference"": 642, ""pointer primitives"": 63, ""precondition"": 2, ""precondition_instance"": 27, ""undefined-shift"": 4}",1009,"{""array bounds"": 37, ""assertion"": 2, ""overflow"": 18, ""pointer"": 18, ""pointer arithmetic"": 196, ""pointer dereference"": 642, ""pointer primitives"": 63, ""precondition"": 2, ""precondition_instance"": 27, ""undefined-shift"": 4}",100.000000,126,126,0,0,0,0,0,4019.356591,1.3698,33,37,28,1,15,1,2,17,6,6,15,15,1,5.000000
_on_rd_init,RIOT,autoup-s1,exp-0414,sys/net/application_layer/cord/lc/cord_lc.c,cord_lc/_on_rd_init,True,True,True,True,True,True,0.060765,True,21,21,100.000000,21,21,100.000000,61,57,93.442623,163,"{""assertion"": 2, ""pointer"": 2, ""pointer arithmetic"": 24, ""pointer dereference"": 120, ""pointer primitives"": 12, ""precondition_instance"": 3}",163,"{""assertion"": 2, ""pointer"": 2, ""pointer arithmetic"": 24, ""pointer dereference"": 120, ""pointer primitives"": 12, ""precondition_instance"": 3}",100.000000,15,15,1,0,1,0,1,1215.139937,1.6690,29,32,29,1,1,0,2,2,4,4,12,12,0,
gcoap_dns_server_proxy_get,RIOT,autoup-s1,exp-0414,sys/net/application_layer/gcoap/dns.c,dns/gcoap_dns_server_proxy_get,True,True,True,True,True,True,0.291631,True,12,12,100.000000,20,20,100.000000,35,35,100.000000,41,"{""array bounds"": 2, ""assertion"": 2, ""pointer dereference"": 36, ""precondition_instance"": 1}",41,"{""array bounds"": 2, ""assertion"": 2, ""pointer dereference"": 36, ""precondition_instance"": 1}",100.000000,11,11,1,0,1,0,1,708.653453,0.8380,15,19,15,1,4,1,2,129,2,2,6,6,0,
_gcoap_forward_proxy_copy_options,RIOT,autoup-s1,exp-0414,sys/net/application_layer/gcoap/forward_proxy.c,forward_proxy/_gcoap_forward_proxy_copy_options,True,True,True,True,True,True,0.260702,False,34,34,100.000000,54,53,98.148148,108,107,99.074074,279,"{""assertion"": 2, ""overflow"": 2, ""pointer"": 4, ""pointer arithmetic"": 45, ""pointer dereference"": 204, ""pointer primitives"": 15, ""precondition_instance"": 6, ""undefined-shift"": 1}",278,"{""assertion"": 2, ""overflow"": 1, ""pointer"": 4, ""pointer arithmetic"": 45, ""pointer dereference"": 204, ""pointer primitives"": 15, ""precondition_instance"": 6, ""undefined-shift"": 1}",99.641577,22,21,1,1,2,1,1,1938.702961,2.2461,43,52,28,1,4,0,2,2,7,7,20,20,1,15.000000
_parse_advertise,RIOT,autoup-s1,exp-0414,sys/net/application_layer/dhcpv6/client.c,client/_parse_advertise,True,True,True,True,True,True,2943.331465,False,87,87,100.000000,219,208,94.977169,255,240,94.117647,226,"{""array bounds"": 5, ""assertion"": 2, ""overflow"": 3, ""pointer"": 6, ""pointer arithmetic"": 28, ""pointer dereference"": 168, ""pointer primitives"": 5, ""precondition"": 2, ""precondition_instance"": 7}",214,"{""array bounds"": 5, ""assertion"": 2, ""overflow"": 1, ""pointer"": 6, ""pointer arithmetic"": 28, ""pointer dereference"": 160, ""pointer primitives"": 5, ""precondition"": 1, ""precondition_instance"": 6}",94.690265,44,32,1,12,13,12,1,87160.949099,7.8053,25,29,25,1,25,3,2,13,2,2,15,15,0,
dns_msg_parse_reply,RIOT,autoup-s2,exp-0416,sys/net/application_layer/dns/msg.c,msg/dns_msg_parse_reply,True,True,True,True,True,True,2.598792,False,26,26,100.000000,40,40,100.000000,70,66,94.285714,153,"{""assertion"": 2, ""overflow"": 4, ""pointer"": 6, ""pointer arithmetic"": 62, ""pointer dereference"": 60, ""pointer primitives"": 13, ""precondition_instance"": 6}",151,"{""assertion"": 2, ""overflow"": 4, ""pointer"": 6, ""pointer arithmetic"": 61, ""pointer dereference"": 60, ""pointer primitives"": 13, ""precondition_instance"": 5}",98.692810,19,17,4,2,6,2,4,2087.098792,4.3892,19,29,19,1,4,1,2,15,6,4,9,9,0,
_receive,RIOT,autoup-s2,exp-0416,sys/net/gnrc/transport_layer/tcp/gnrc_tcp_eventloop.c,gnrc_tcp_eventloop/_receive,True,True,True,True,False,True,122.221075,False,94,78,82.978723,1168,319,27.311644,1207,336,27.837614,2787,"{""array bounds"": 8, ""assertion"": 2, ""overflow"": 33, ""pointer"": 12, ""pointer arithmetic"": 116, ""pointer dereference"": 2503, ""pointer primitives"": 39, ""precondition"": 2, ""precondition_instance"": 71, ""undefined-shift"": 1}",2451,"{""array bounds"": 2, ""assertion"": 2, ""overflow"": 33, ""pointer"": 12, ""pointer arithmetic"": 105, ""pointer dereference"": 2203, ""pointer primitives"": 35, ""precondition_instance"": 58, ""undefined-shift"": 1}",87.944026,334,270,,64,64,64,,714.165853,0.3781,28,42,5,9,74,0,2,2,0,0,22,22,5,4.600000
_on_regack,RIOT,autoup-s2,exp-0416,sys/net/application_layer/asymcute/asymcute.c,asymcute/_on_regack,True,True,True,True,True,True,0.720652,True,18,18,100.000000,65,65,100.000000,101,101,100.000000,220,"{""array bounds"": 1, ""assertion"": 2, ""pointer dereference"": 217}",220,"{""array bounds"": 1, ""assertion"": 2, ""pointer dereference"": 217}",100.000000,33,33,2,0,2,0,2,1968.290044,2.3507,36,45,33,1,8,0,2,2,11,8,13,13,1,3.000000
base64_encode_base,RIOT,autoup-s2,exp-0416,sys/base64/base64.c,base64/base64_encode_base,True,True,True,True,True,True,0.801846,True,34,34,100.000000,59,57,96.610169,79,77,97.468354,130,"{""assertion"": 2, ""overflow"": 5, ""pointer"": 1, ""pointer arithmetic"": 12, ""pointer dereference"": 108, ""undefined-shift"": 2}",130,"{""assertion"": 2, ""overflow"": 5, ""pointer"": 1, ""pointer arithmetic"": 12, ""pointer dereference"": 108, ""undefined-shift"": 2}",100.000000,20,20,2,0,2,0,2,867.718679,1.0349,20,25,20,1,4,0,2,2,4,2,11,11,0,
gnrc_rpl_recv_DAO,RIOT,autoup-s2,exp-0416,sys/net/gnrc/routing/rpl/gnrc_rpl_control_messages.c,gnrc_rpl_control_messages/gnrc_rpl_recv_DAO,True,True,True,True,False,True,4.222056,False,32,32,100.000000,294,290,98.639456,367,355,96.730245,649,"{""array bounds"": 1, ""assertion"": 2, ""overflow"": 5, ""pointer"": 4, ""pointer arithmetic"": 43, ""pointer dereference"": 570, ""pointer primitives"": 14, ""precondition_instance"": 6, ""undefined-shift"": 4}",425,"{""array bounds"": 1, ""assertion"": 2, ""overflow"": 4, ""pointer"": 4, ""pointer arithmetic"": 41, ""pointer dereference"": 357, ""pointer primitives"": 10, ""precondition_instance"": 3, ""undefined-shift"": 3}",65.485362,85,36,,49,49,49,,676.154519,0.4706,62,85,13,1,21,1,2,5,0,0,50,50,10,4.900000
gnrc_rpl_validation_options,RIOT,autoup-s2,exp-0416,sys/net/gnrc/routing/rpl/gnrc_rpl_validation.c,gnrc_rpl_validation/gnrc_rpl_validation_options,True,True,True,True,True,True,0.032226,True,49,49,100.000000,49,49,100.000000,62,62,100.000000,71,"{""assertion"": 2, ""overflow"": 3, ""pointer dereference"": 66}",71,"{""assertion"": 2, ""overflow"": 3, ""pointer dereference"": 66}",100.000000,14,14,0,0,0,0,0,402.925484,0.5229,13,16,13,1,1,0,2,2,3,3,6,6,0,
_parse_options,RIOT,autoup-s2,exp-0416,sys/net/gnrc/routing/rpl/gnrc_rpl_control_messages.c,gnrc_rpl_control_messages/_parse_options,True,True,True,True,False,True,17.676997,False,116,104,89.655172,526,314,59.695817,585,361,61.709402,1094,"{""array bounds"": 53, ""assertion"": 2, ""overflow"": 22, ""pointer"": 9, ""pointer arithmetic"": 93, ""pointer dereference"": 863, ""pointer primitives"": 29, ""precondition"": 2, ""precondition_instance"": 14, ""undefined-shift"": 7}",722,"{""array bounds"": 44, ""assertion"": 2, ""overflow"": 21, ""pointer"": 9, ""pointer arithmetic"": 93, ""pointer dereference"": 507, ""pointer primitives"": 27, ""precondition"": 1, ""precondition_instance"": 12, ""undefined-shift"": 6}",65.996344,145,83,,62,62,62,,715.160382,0.2492,48,69,15,10,46,0,2,2,1,0,34,34,7,4.714286
clif_decode_link,RIOT,autoup-s2,exp-0416,sys/clif/clif.c,clif/clif_decode_link,True,True,True,True,True,True,20.703278,True,24,24,100.000000,104,101,97.115385,132,129,97.727273,416,"{""assertion"": 2, ""overflow"": 11, ""pointer"": 13, ""pointer arithmetic"": 144, ""pointer dereference"": 246}",416,"{""assertion"": 2, ""overflow"": 11, ""pointer"": 13, ""pointer arithmetic"": 144, ""pointer dereference"": 246}",100.000000,41,41,1,0,1,0,1,3483.805978,2.7155,28,37,16,2,6,0,2,2,5,4,13,13,1,12.000000
clif_get_attr,RIOT,autoup-s2,exp-0416,sys/clif/clif.c,clif/clif_get_attr,True,True,True,True,True,True,0.234300,True,54,52,96.296296,66,63,95.454545,80,77,96.250000,268,"{""assertion"": 2, ""overflow"": 6, ""pointer"": 8, ""pointer arithmetic"": 84, ""pointer dereference"": 168}",268,"{""assertion"": 2, ""overflow"": 6, ""pointer"": 8, ""pointer arithmetic"": 84, ""pointer dereference"": 168}",100.000000,25,25,2,0,2,0,2,1459.257054,1.7449,14,18,14,2,4,0,2,2,2,2,5,5,0,
uri_parser_process,RIOT,autoup-s2,exp-0416,sys/uri_parser/uri_parser.c,uri_parser/uri_parser_process,True,True,True,True,True,True,30.826080,True,13,11,84.615385,161,143,88.819876,192,174,90.625000,653,"{""assertion"": 2, ""overflow"": 21, ""pointer"": 15, ""pointer arithmetic"": 180, ""pointer dereference"": 432, ""precondition_instance"": 3}",653,"{""assertion"": 2, ""overflow"": 21, ""pointer"": 15, ""pointer arithmetic"": 180, ""pointer dereference"": 432, ""precondition_instance"": 3}",100.000000,62,62,2,0,2,0,2,5065.007201,2.7028,31,36,31,3,14,4,2,8,5,5,12,12,0,
gnrc_rpl_srh_process,RIOT,autoup-s2,exp-0416,sys/net/gnrc/routing/rpl/srh/gnrc_rpl_srh.c,gnrc_rpl_srh/gnrc_rpl_srh_process,True,True,True,True,True,True,13.859832,True,38,38,100.000000,157,104,66.242038,200,143,71.500000,427,"{""array bounds"": 30, ""assertion"": 2, ""division-by-zero"": 2, ""overflow"": 24, ""pointer"": 13, ""pointer arithmetic"": 99, ""pointer dereference"": 202, ""pointer primitives"": 34, ""precondition"": 2, ""precondition_instance"": 19}",427,"{""array bounds"": 30, ""assertion"": 2, ""division-by-zero"": 2, ""overflow"": 24, ""pointer"": 13, ""pointer arithmetic"": 99, ""pointer dereference"": 202, ""pointer primitives"": 34, ""precondition"": 2, ""precondition_instance"": 19}",100.000000,58,58,3,0,3,0,3,3238.286467,2.6866,32,41,27,4,13,2,2,4,3,3,15,15,1,5.000000
gnrc_sixlowpan_iphc_recv,RIOT,autoup-s2,exp-0416,sys/net/gnrc/network_layer/sixlowpan/iphc/gnrc_sixlowpan_iphc.c,gnrc_sixlowpan_iphc/gnrc_sixlowpan_iphc_recv,True,True,,,False,False,,,,,,,,,,,,,,,,,,,,,,,,2304.844515,0.4232,,28,,,,0,2,2,1,0,,,,
_rbuf_add,RIOT,autoup-s2,exp-0416,sys/net/gnrc/network_layer/sixlowpan/frag/rb/gnrc_sixlowpan_frag_rb.c,gnrc_sixlowpan_frag_rb/_rbuf_add,True,True,True,True,True,True,0.542309,True,142,28,19.718310,1475,245,16.610169,1576,309,19.606599,4511,"{""array bounds"": 103, ""assertion"": 2, ""overflow"": 25, ""pointer"": 63, ""pointer arithmetic"": 677, ""pointer dereference"": 3295, ""pointer primitives"": 219, ""precondition"": 2, ""precondition_instance"": 118, ""undefined-shift"": 7}",4511,"{""array bounds"": 103, ""assertion"": 2, ""overflow"": 25, ""pointer"": 63, ""pointer arithmetic"": 677, ""pointer dereference"": 3295, ""pointer primitives"": 219, ""precondition"": 2, ""precondition_instance"": 118, ""undefined-shift"": 7}",100.000000,500,500,3,0,3,0,3,44849.319935,14.8117,90,115,57,11,124,1,2,5,6,6,45,45,6,5.500000
_iphc_encode,RIOT,autoup-s2,exp-0416,sys/net/gnrc/network_layer/sixlowpan/iphc/gnrc_sixlowpan_iphc.c,gnrc_sixlowpan_iphc/_iphc_encode,True,True,True,True,True,True,334.957610,False,68,33,48.529412,684,165,24.122807,777,250,32.175032,2665,"{""array bounds"": 56, ""assertion"": 2, ""overflow"": 30, ""pointer"": 24, ""pointer arithmetic"": 268, ""pointer dereference"": 2032, ""pointer primitives"": 159, ""precondition"": 2, ""precondition_instance"": 86, ""undefined-shift"": 6}",2648,"{""array bounds"": 56, ""assertion"": 2, ""overflow"": 30, ""pointer"": 24, ""pointer arithmetic"": 259, ""pointer dereference"": 2032, ""pointer primitives"": 154, ""precondition"": 2, ""precondition_instance"": 83, ""undefined-shift"": 6}",99.362101,303,298,6,5,11,5,6,158738.183062,31.1870,82,95,78,8,57,0,2,2,12,12,15,15,1,4.000000
gnrc_sixlowpan_frag_sfr_send,RIOT,autoup-s2,exp-0416,sys/net/gnrc/network_layer/sixlowpan/frag/sfr/gnrc_sixlowpan_frag_sfr.c,gnrc_sixlowpan_frag_sfr/gnrc_sixlowpan_frag_sfr_send,True,True,True,True,True,True,521.261841,True,63,62,98.412698,507,490,96.646943,630,609,96.666667,1434,"{""array bounds"": 6, ""assertion"": 2, ""overflow"": 11, ""pointer"": 4, ""pointer arithmetic"": 48, ""pointer dereference"": 1332, ""pointer primitives"": 24, ""precondition_instance"": 6, ""undefined-shift"": 1}",1434,"{""array bounds"": 6, ""assertion"": 2, ""overflow"": 11, ""pointer"": 4, ""pointer arithmetic"": 48, ""pointer dereference"": 1332, ""pointer primitives"": 24, ""precondition_instance"": 6, ""undefined-shift"": 1}",100.000000,181,181,6,0,6,0,6,94892.990594,15.1011,112,128,75,1,71,0,2,2,14,9,41,41,4,9.250000
_iphc_ipv6_encode,RIOT,autoup-s2,exp-0416,sys/net/gnrc/network_layer/sixlowpan/iphc/gnrc_sixlowpan_iphc.c,gnrc_sixlowpan_iphc/_iphc_ipv6_encode,True,True,True,True,False,True,49.179224,False,182,182,100.000000,329,324,98.480243,357,344,96.358543,1069,"{""array bounds"": 46, ""assertion"": 2, ""overflow"": 22, ""pointer"": 18, ""pointer arithmetic"": 196, ""pointer dereference"": 688, ""pointer primitives"": 63, ""precondition"": 2, ""precondition_instance"": 27, ""undefined-shift"": 5}",377,"{""array bounds"": 12, ""assertion"": 2, ""overflow"": 22, ""pointer"": 18, ""pointer arithmetic"": 58, ""pointer dereference"": 216, ""pointer primitives"": 41, ""precondition"": 1, ""precondition_instance"": 2, ""undefined-shift"": 5}",35.266604,143,44,,99,99,99,,22809.470888,1.6233,17,23,13,6,33,2,2,17,1,0,13,13,1,4.000000
_on_rd_init,RIOT,autoup-s2,exp-0416,sys/net/application_layer/cord/lc/cord_lc.c,cord_lc/_on_rd_init,True,True,True,True,True,True,0.097263,True,21,21,100.000000,21,21,100.000000,57,53,92.982456,177,"{""assertion"": 2, ""pointer"": 2, ""pointer arithmetic"": 24, ""pointer dereference"": 138, ""pointer primitives"": 8, ""precondition_instance"": 3}",177,"{""assertion"": 2, ""pointer"": 2, ""pointer arithmetic"": 24, ""pointer dereference"": 138, ""pointer primitives"": 8, ""precondition_instance"": 3}",100.000000,16,16,1,0,1,0,1,1858.948642,1.1275,25,29,25,1,1,0,2,2,5,5,10,10,0,
gcoap_dns_server_proxy_get,RIOT,autoup-s2,exp-0416,sys/net/application_layer/gcoap/dns.c,dns/gcoap_dns_server_proxy_get,True,True,True,True,True,True,0.015480,True,12,12,100.000000,20,20,100.000000,28,28,100.000000,39,"{""assertion"": 2, ""pointer dereference"": 36, ""precondition_instance"": 1}",39,"{""assertion"": 2, ""pointer dereference"": 36, ""precondition_instance"": 1}",100.000000,9,9,1,0,1,0,1,1585.606025,0.7268,8,11,8,1,4,0,2,2,1,1,3,3,0,
_gcoap_forward_proxy_copy_options,RIOT,autoup-s2,exp-0416,sys/net/application_layer/gcoap/forward_proxy.c,forward_proxy/_gcoap_forward_proxy_copy_options,True,True,True,True,True,True,2445.884583,False,34,34,100.000000,217,213,98.156682,305,297,97.377049,955,"{""array bounds"": 3, ""assertion"": 2, ""overflow"": 17, ""pointer"": 14, ""pointer arithmetic"": 155, ""pointer dereference"": 688, ""pointer primitives"": 60, ""precondition_instance"": 12, ""undefined-shift"": 4}",952,"{""array bounds"": 3, ""assertion"": 2, ""overflow"": 17, ""pointer"": 14, ""pointer arithmetic"": 153, ""pointer dereference"": 688, ""pointer primitives"": 60, ""precondition_instance"": 11, ""undefined-shift"": 4}",99.685864,101,98,5,3,8,3,5,91363.767652,14.4734,77,107,55,2,21,0,2,2,16,16,27,27,3,7.333333
_parse_advertise,RIOT,autoup-s2,exp-0416,sys/net/application_layer/dhcpv6/client.c,client/_parse_advertise,True,True,True,True,True,True,151.789852,False,87,87,100.000000,198,187,94.444444,238,223,93.697479,263,"{""array bounds"": 5, ""assertion"": 2, ""overflow"": 3, ""pointer"": 6, ""pointer arithmetic"": 28, ""pointer dereference"": 205, ""pointer primitives"": 5, ""precondition"": 2, ""precondition_instance"": 7}",261,"{""array bounds"": 5, ""assertion"": 2, ""overflow"": 1, ""pointer"": 6, ""pointer arithmetic"": 28, ""pointer dereference"": 205, ""pointer primitives"": 5, ""precondition"": 2, ""precondition_instance"": 7}",99.239544,48,46,3,2,5,2,3,59944.272352,10.8008,29,36,26,1,18,3,2,13,1,1,15,15,1,3.000000
dns_msg_parse_reply,RIOT,codexup,exp-codexup-0414,sys/net/application_layer/dns/msg.c,dns_msg_parse_reply,True,True,,,True,False,,,,,,,,,,,,,,,,,,,,,,,,806.298411,0.7981,,31,,,,3,3,50,7,4,,,,
_receive,RIOT,codexup,exp-codexup-0414,sys/net/gnrc/transport_layer/tcp/gnrc_tcp_eventloop.c,_receive,True,True,True,True,True,True,0.717884,True,94,82,87.234043,108,96,88.888889,197,174,88.324873,191,"{""array bounds"": 2, ""memory-leak"": 1, ""overflow"": 6, ""pointer dereference"": 180, ""precondition"": 2}",191,"{""array bounds"": 2, ""memory-leak"": 1, ""overflow"": 6, ""pointer dereference"": 180, ""precondition"": 2}",100.000000,32,32,,0,0,0,,333.093724,0.9276,89,222,34,1,7,0,,,10,2,51,51,11,5.000000
_on_regack,RIOT,codexup,exp-codexup-0414,sys/net/application_layer/asymcute/asymcute.c,_on_regack,True,True,True,True,True,True,1.025754,True,18,18,100.000000,100,43,43.000000,149,88,59.060403,269,"{""array bounds"": 2, ""memory-leak"": 1, ""overflow"": 1, ""pointer dereference"": 261, ""precondition_instance"": 4}",269,"{""array bounds"": 2, ""memory-leak"": 1, ""overflow"": 1, ""pointer dereference"": 261, ""precondition_instance"": 4}",100.000000,43,43,,0,0,0,,627.592735,1.2001,49,172,38,1,13,0,16,16,14,1,28,28,5,2.200000
base64_encode_base,RIOT,codexup,exp-codexup-0414,sys/base64/base64.c,base64_encode_base,True,True,True,True,True,True,3.674326,False,34,33,97.058824,59,56,94.915254,85,82,96.470588,272,"{""assertion"": 2, ""memory-leak"": 1, ""overflow"": 8, ""pointer"": 1, ""pointer arithmetic"": 114, ""pointer dereference"": 126, ""precondition_instance"": 18, ""undefined-shift"": 2}",242,"{""assertion"": 2, ""memory-leak"": 1, ""overflow"": 7, ""pointer"": 1, ""pointer arithmetic"": 95, ""pointer dereference"": 116, ""precondition_instance"": 18, ""undefined-shift"": 2}",88.970588,32,20,,12,12,12,,253.968457,0.3965,26,35,26,1,4,0,8,8,2,1,9,9,0,
gnrc_rpl_recv_DAO,RIOT,codexup,exp-codexup-0414,sys/net/gnrc/routing/rpl/gnrc_rpl_control_messages.c,gnrc_rpl_recv_DAO,True,True,True,True,True,True,117.245870,True,29,26,89.655172,175,42,24.000000,221,88,39.819005,508,"{""assertion"": 2, ""memory-leak"": 1, ""overflow"": 17, ""pointer"": 2, ""pointer arithmetic"": 22, ""pointer dereference"": 450, ""precondition_instance"": 10, ""undefined-shift"": 4}",508,"{""assertion"": 2, ""memory-leak"": 1, ""overflow"": 17, ""pointer"": 2, ""pointer arithmetic"": 22, ""pointer dereference"": 450, ""precondition_instance"": 10, ""undefined-shift"": 4}",100.000000,75,75,,0,0,0,,789.186382,0.8300,46,73,25,1,10,0,,,9,1,24,24,5,4.200000
gnrc_rpl_validation_options,RIOT,codexup,exp-codexup-0414,sys/net/gnrc/routing/rpl/gnrc_rpl_validation.c,gnrc_rpl_validation_options,True,True,True,True,True,True,20.089342,False,49,49,100.000000,49,49,100.000000,59,59,100.000000,80,"{""assertion"": 2, ""overflow"": 6, ""pointer dereference"": 72}",75,"{""assertion"": 2, ""overflow"": 6, ""pointer dereference"": 67}",93.750000,16,11,,5,5,5,,436.919401,0.6410,10,20,10,1,1,0,33,33,5,3,9,9,0,
_parse_options,RIOT,codexup,exp-codexup-0414,sys/net/gnrc/routing/rpl/gnrc_rpl_control_messages.c,_parse_options,True,True,,,True,False,,,,,,,,,,,,,,,,,,,,,,,,1089.509445,0.9053,,94,,,,0,8,8,1,0,,,,
clif_decode_link,RIOT,codexup,exp-codexup-0414,sys/clif/clif.c,clif_decode_link,True,True,,,True,False,,,,,,,,,,,,,,,,,,,,,,,,1089.572597,0.3835,,27,,,,0,16,16,2,2,,,,
clif_get_attr,RIOT,codexup,exp-codexup-0414,sys/clif/clif.c,clif_get_attr,True,True,False,False,True,True,0.823890,False,,,,0,0,,62,60,96.774194,322,"{""assertion"": 2, ""overflow"": 6, ""pointer"": 8, ""pointer arithmetic"": 132, ""pointer dereference"": 168, ""precondition_instance"": 6}",313,"{""assertion"": 2, ""overflow"": 6, ""pointer"": 8, ""pointer arithmetic"": 125, ""pointer dereference"": 166, ""precondition_instance"": 6}",97.204969,33,25,,8,8,8,,283.165883,0.4748,62,292,8,0,0,0,12,12,2,2,4,4,1,54.000000
uri_parser_process,RIOT,codexup,exp-codexup-0414,sys/uri_parser/uri_parser.c,uri_parser_process,True,True,,,True,False,,,,,,,,,,,,,,,,,,,,,,,,835.358404,0.2287,,43,,,,0,,,2,2,,,,
gnrc_rpl_srh_process,RIOT,codexup,exp-codexup-0414,sys/net/gnrc/routing/rpl/srh/gnrc_rpl_srh.c,gnrc_rpl_srh_process,True,True,True,True,True,True,269.630400,False,38,34,89.473684,63,59,93.650794,94,90,95.744681,296,"{""array bounds"": 1, ""assertion"": 2, ""division-by-zero"": 2, ""memory-leak"": 1, ""overflow"": 18, ""pointer"": 12, ""pointer arithmetic"": 96, ""pointer dereference"": 132, ""precondition_instance"": 32}",293,"{""array bounds"": 1, ""assertion"": 2, ""division-by-zero"": 2, ""memory-leak"": 1, ""overflow"": 18, ""pointer"": 12, ""pointer arithmetic"": 96, ""pointer dereference"": 132, ""precondition_instance"": 29}",98.986486,40,37,,3,3,3,,605.706390,0.7479,31,48,28,1,3,0,,,9,6,18,18,1,3.000000
gnrc_sixlowpan_iphc_recv,RIOT,codexup,exp-codexup-0414,sys/net/gnrc/network_layer/sixlowpan/iphc/gnrc_sixlowpan_iphc.c,gnrc_sixlowpan_iphc_recv,True,True,True,True,True,True,28.849674,False,78,62,79.487179,362,337,93.093923,461,432,93.709328,1321,"{""array bounds"": 40, ""memory-leak"": 1, ""overflow"": 54, ""pointer"": 34, ""pointer arithmetic"": 350, ""pointer dereference"": 780, ""precondition_instance"": 59, ""undefined-shift"": 3}",1312,"{""array bounds"": 40, ""memory-leak"": 1, ""overflow"": 47, ""pointer"": 34, ""pointer arithmetic"": 350, ""pointer dereference"": 780, ""precondition_instance"": 57, ""undefined-shift"": 3}",99.318698,155,149,,6,6,6,,411.038984,0.7949,99,172,50,1,23,0,,,24,5,50,50,9,5.444444
_rbuf_add,RIOT,codexup,exp-codexup-0414,sys/net/gnrc/network_layer/sixlowpan/frag/rb/gnrc_sixlowpan_frag_rb.c,_rbuf_add,True,True,,,True,False,,,,,,,,,,,,,,,,,,,,,,,,461.897861,0.4811,,264,,,,0,,,18,5,,,,
_iphc_encode,RIOT,codexup,exp-codexup-0414,sys/net/gnrc/network_layer/sixlowpan/iphc/gnrc_sixlowpan_iphc.c,_iphc_encode,True,True,,,True,False,,,,,,,,,,,,,,,,,,,,,,,,300.297574,0.2951,,219,,,,0,,,21,4,,,,
gnrc_sixlowpan_frag_sfr_send,RIOT,codexup,exp-codexup-0414,sys/net/gnrc/network_layer/sixlowpan/frag/sfr/gnrc_sixlowpan_frag_sfr.c,gnrc_sixlowpan_frag_sfr_send,True,False,,,True,False,,,,,,,,,,,,,,,,,,,,,,,,150.650179,0.3357,,,,,,0,,,,,,,,
_iphc_ipv6_encode,RIOT,codexup,exp-codexup-0414,sys/net/gnrc/network_layer/sixlowpan/iphc/gnrc_sixlowpan_iphc.c,_iphc_ipv6_encode,True,True,True,True,True,True,8.630274,True,182,180,98.901099,233,228,97.854077,294,284,96.598639,964,"{""array bounds"": 37, ""memory-leak"": 1, ""overflow"": 34, ""pointer"": 20, ""pointer arithmetic"": 200, ""pointer dereference"": 630, ""precondition"": 2, ""precondition_instance"": 36, ""undefined-shift"": 4}",964,"{""array bounds"": 37, ""memory-leak"": 1, ""overflow"": 34, ""pointer"": 20, ""pointer arithmetic"": 200, ""pointer dereference"": 630, ""precondition"": 2, ""precondition_instance"": 36, ""undefined-shift"": 4}",100.000000,132,132,,0,0,0,,294.654465,0.3661,61,136,31,1,15,0,,,17,3,36,36,7,4.285714
_on_rd_init,RIOT,codexup,exp-codexup-0414,sys/net/application_layer/cord/lc/cord_lc.c,_on_rd_init,True,True,True,True,True,True,0.077657,False,21,21,100.000000,21,21,100.000000,55,55,100.000000,119,"{""assertion"": 2, ""memory-leak"": 1, ""pointer"": 2, ""pointer arithmetic"": 24, ""pointer dereference"": 72, ""precondition_instance"": 18}",117,"{""assertion"": 2, ""memory-leak"": 1, ""pointer"": 2, ""pointer arithmetic"": 24, ""pointer dereference"": 71, ""precondition_instance"": 17}",98.319328,16,14,,2,2,2,,362.677263,0.7964,34,134,28,1,1,0,8,8,3,3,27,27,2,3.000000
gcoap_dns_server_proxy_get,RIOT,codexup,exp-codexup-0414,sys/net/application_layer/gcoap/dns.c,gcoap_dns_server_proxy_get,True,True,True,True,True,True,0.499187,False,12,6,50.000000,54,35,64.814815,70,50,71.428571,94,"{""assertion"": 2, ""overflow"": 11, ""pointer arithmetic"": 30, ""pointer dereference"": 48, ""precondition_instance"": 3}",92,"{""assertion"": 2, ""overflow"": 11, ""pointer arithmetic"": 29, ""pointer dereference"": 47, ""precondition_instance"": 3}",97.872340,21,20,,1,1,1,,901.853704,1.0060,16,31,11,1,6,0,,,2,2,10,10,1,5.000000
_gcoap_forward_proxy_copy_options,RIOT,codexup,exp-codexup-0414,sys/net/application_layer/gcoap/forward_proxy.c,_gcoap_forward_proxy_copy_options,True,True,True,True,True,True,4.203392,True,36,36,100.000000,56,55,98.214286,145,144,99.310345,327,"{""assertion"": 2, ""overflow"": 25, ""pointer"": 4, ""pointer arithmetic"": 45, ""pointer dereference"": 240, ""precondition_instance"": 10, ""undefined-shift"": 1}",327,"{""assertion"": 2, ""overflow"": 25, ""pointer"": 4, ""pointer arithmetic"": 45, ""pointer dereference"": 240, ""precondition_instance"": 10, ""undefined-shift"": 1}",100.000000,43,43,,0,0,0,,557.114452,0.8379,89,252,41,1,4,0,,,9,5,67,67,5,9.600000
_parse_advertise,RIOT,codexup,exp-codexup-0414,sys/net/application_layer/dhcpv6/client.c,_parse_advertise,True,True,True,True,True,True,0.052289,True,87,15,17.241379,194,63,32.474227,249,100,40.160643,282,"{""array bounds"": 25, ""division-by-zero"": 1, ""overflow"": 44, ""pointer"": 6, ""pointer arithmetic"": 28, ""pointer dereference"": 168, ""precondition"": 2, ""precondition_instance"": 8}",282,"{""array bounds"": 25, ""division-by-zero"": 1, ""overflow"": 44, ""pointer"": 6, ""pointer arithmetic"": 28, ""pointer dereference"": 168, ""precondition"": 2, ""precondition_instance"": 8}",100.000000,69,69,,0,0,0,,981.823286,1.0361,55,181,34,1,17,0,64,64,8,0,30,30,6,3.500000
